item_number,inventory_level,report_date,report_time
10822981,482,2024-11-04,20:00:16
10510746,396,2024-11-04,20:00:16
10515021,211,2024-11-04,20:00:16
10210346,143,2024-11-04,20:00:16
10103971,119,2024-11-04,20:00:16
10220039,75,2024-11-04,20:00:16
11384562,73,2024-11-04,20:00:16
11384148,71,2024-11-04,20:00:16
11370089,66,2024-11-04,20:00:16
11384075,65,2024-11-04,20:00:16
11384059,63,2024-11-04,20:00:16
11384130,56,2024-11-04,20:00:16
10830196,46,2024-11-04,20:00:16
10664016,45,2024-11-04,20:00:16
10830764,43,2024-11-04,20:00:16
10823775,36,2024-11-04,20:00:16
10173667,33,2024-11-04,20:00:16
10160059,30,2024-11-04,20:00:16
10720074,30,2024-11-04,20:00:16
11290082,29,2024-11-04,20:00:16
10161660,28,2024-11-04,20:00:16
10824624,27,2024-11-04,20:00:16
10820079,26,2024-11-04,20:00:16
10652475,26,2024-11-04,20:00:16
10420276,26,2024-11-04,20:00:16
10830421,26,2024-11-04,20:00:16
10661903,25,2024-11-04,20:00:16
10830675,25,2024-11-04,20:00:16
10410029,25,2024-11-04,20:00:16
10243161,23,2024-11-04,20:00:16
10061658,22,2024-11-04,20:00:16
11372395,22,2024-11-04,20:00:16
11290247,20,2024-11-04,20:00:16
10180017,20,2024-11-04,20:00:16
10110334,20,2024-11-04,20:00:16
10040256,20,2024-11-04,20:00:16
11243944,19,2024-11-04,20:00:16
10015526,19,2024-11-04,20:00:16
10825133,18,2024-11-04,20:00:16
10130473,18,2024-11-04,20:00:16
10570445,17,2024-11-04,20:00:16
10113235,16,2024-11-04,20:00:16
11382586,15,2024-11-04,20:00:16
10122145,15,2024-11-04,20:00:16
11370090,15,2024-11-04,20:00:16
11253410,15,2024-11-04,20:00:16
10170164,15,2024-11-04,20:00:16
11372353,14,2024-11-04,20:00:16
10174354,12,2024-11-04,20:00:16
10820785,12,2024-11-04,20:00:16
10183256,11,2024-11-04,20:00:16
10100189,11,2024-11-04,20:00:16
10787199,10,2024-11-04,20:00:16
10101717,10,2024-11-04,20:00:16
11290158,9,2024-11-04,20:00:16
10031629,9,2024-11-04,20:00:16
10242050,9,2024-11-04,20:00:16
10170067,9,2024-11-04,20:00:16
11150143,8,2024-11-04,20:00:16
10123727,8,2024-11-04,20:00:16
10100207,8,2024-11-04,20:00:16
10300013,7,2024-11-04,20:00:16
10706410,7,2024-11-04,20:00:16
10123345,7,2024-11-04,20:00:16
11640097,5,2024-11-04,20:00:16
10035160,5,2024-11-04,20:00:16
11264013,5,2024-11-04,20:00:16
10230051,4,2024-11-04,20:00:16
11010278,4,2024-11-04,20:00:16
10210134,4,2024-11-04,20:00:16
10442668,4,2024-11-04,20:00:16
11381417,3,2024-11-04,20:00:16
11020016,3,2024-11-04,20:00:16
11300042,3,2024-11-04,20:00:16
10061755,3,2024-11-04,20:00:16
10790697,2,2024-11-04,20:00:16
11644881,1,2024-11-04,20:00:16
10741907,1,2024-11-04,20:00:16
10273564,1,2024-11-04,20:00:16
11110046,1,2024-11-04,20:00:16
10380001,0,2024-11-04,20:00:16
10240119,0,2024-11-04,20:00:16
10180032,0,2024-11-04,20:00:16
10180060,0,2024-11-04,20:00:16
10160397,0,2024-11-04,20:00:16
10160703,0,2024-11-04,20:00:16
10040303,0,2024-11-04,20:00:16
11380099,0,2024-11-04,20:00:16
11380165,0,2024-11-04,20:00:16
11290224,0,2024-11-04,20:00:16
11245679,0,2024-11-04,20:00:16
11251743,0,2024-11-04,20:00:16
10760155,0,2024-11-04,20:00:16
10221274,0,2024-11-04,20:00:16
10131005,0,2024-11-04,20:00:16
10160021,0,2024-11-04,20:00:16
11370636,0,2024-11-04,20:00:16
11290023,0,2024-11-04,20:00:16
11151692,0,2024-11-04,20:00:16
11241887,0,2024-11-04,20:00:16
11110727,0,2024-11-04,20:00:16
11120048,0,2024-11-04,20:00:16
11121045,0,2024-11-04,20:00:16
10831053,0,2024-11-04,20:00:16
10934429,0,2024-11-04,20:00:16
10822965,0,2024-11-04,20:00:16
10723967,0,2024-11-04,20:00:16
10741664,0,2024-11-04,20:00:16
10660355,0,2024-11-04,20:00:16
10660779,0,2024-11-04,20:00:16
10660981,0,2024-11-04,20:00:16
10560004,0,2024-11-04,20:00:16
10420365,0,2024-11-04,20:00:16
10440065,0,2024-11-04,20:00:16
10440276,0,2024-11-04,20:00:16
10270036,0,2024-11-04,20:00:16
10270948,0,2024-11-04,20:00:16
10271245,0,2024-11-04,20:00:16
10016776,0,2024-11-04,20:00:16
11371519,0,2024-11-04,20:00:16
11323883,0,2024-11-04,20:00:16
11330012,0,2024-11-04,20:00:16
11330020,0,2024-11-04,20:00:16
11330039,0,2024-11-04,20:00:16
11252210,0,2024-11-04,20:00:16
11140016,0,2024-11-04,20:00:16
11150132,0,2024-11-04,20:00:16
11040003,0,2024-11-04,20:00:16
11091915,0,2024-11-04,20:00:16
11092034,0,2024-11-04,20:00:16
11095600,0,2024-11-04,20:00:16
10621717,0,2024-11-04,20:00:16
10650042,0,2024-11-04,20:00:16
10650910,0,2024-11-04,20:00:16
10490009,0,2024-11-04,20:00:16
10490036,0,2024-11-04,20:00:16
10510047,0,2024-11-04,20:00:16
10410056,0,2024-11-04,20:00:16
10410239,0,2024-11-04,20:00:16
10410849,0,2024-11-04,20:00:16
10181872,0,2024-11-04,20:00:16
10014407,0,2024-11-04,20:00:16
30242910,614,2024-11-04,20:00:16
30246300,460,2024-11-04,20:00:16
30242460,289,2024-11-04,20:00:16
30254800,254,2024-11-04,20:00:16
30242110,254,2024-11-04,20:00:16
30246610,240,2024-11-04,20:00:16
30233890,236,2024-11-04,20:00:16
30266580,218,2024-11-04,20:00:16
30251590,217,2024-11-04,20:00:16
30277450,191,2024-11-04,20:00:16
30278720,190,2024-11-04,20:00:16
30241910,168,2024-11-04,20:00:16
30242200,157,2024-11-04,20:00:16
30240120,156,2024-11-04,20:00:16
30251210,150,2024-11-04,20:00:16
30252880,138,2024-11-04,20:00:16
30248410,137,2024-11-04,20:00:16
30240310,130,2024-11-04,20:00:16
30247080,118,2024-11-04,20:00:16
30254000,106,2024-11-04,20:00:16
30251150,101,2024-11-04,20:00:16
30250400,98,2024-11-04,20:00:16
30277520,80,2024-11-04,20:00:16
30268250,77,2024-11-04,20:00:16
30287320,77,2024-11-04,20:00:16
30235580,75,2024-11-04,20:00:16
30248820,74,2024-11-04,20:00:16
30258320,74,2024-11-04,20:00:16
30700500,73,2024-11-04,20:00:16
30269630,70,2024-11-04,20:00:16
30255400,68,2024-11-04,20:00:16
30254450,67,2024-11-04,20:00:16
30261970,65,2024-11-04,20:00:16
30255360,63,2024-11-04,20:00:16
30261940,61,2024-11-04,20:00:16
30250090,61,2024-11-04,20:00:16
30242010,60,2024-11-04,20:00:16
30269640,60,2024-11-04,20:00:16
30257570,58,2024-11-04,20:00:16
30303210,54,2024-11-04,20:00:16
30285510,51,2024-11-04,20:00:16
30700690,50,2024-11-04,20:00:16
30285390,47,2024-11-04,20:00:16
30251620,45,2024-11-04,20:00:16
30252890,45,2024-11-04,20:00:16
30275700,44,2024-11-04,20:00:16
30274500,44,2024-11-04,20:00:16
30285460,41,2024-11-04,20:00:16
30254840,41,2024-11-04,20:00:16
30304940,40,2024-11-04,20:00:16
30303860,40,2024-11-04,20:00:16
30240780,38,2024-11-04,20:00:16
30265490,38,2024-11-04,20:00:16
30232270,38,2024-11-04,20:00:16
30285920,37,2024-11-04,20:00:16
30252520,36,2024-11-04,20:00:16
30252440,36,2024-11-04,20:00:16
30278710,35,2024-11-04,20:00:16
30700710,33,2024-11-04,20:00:16
30257450,33,2024-11-04,20:00:16
30245400,31,2024-11-04,20:00:16
30276830,30,2024-11-04,20:00:16
30700480,30,2024-11-04,20:00:16
30286810,29,2024-11-04,20:00:16
30274390,29,2024-11-04,20:00:16
30303800,28,2024-11-04,20:00:16
30268420,27,2024-11-04,20:00:16
30252560,26,2024-11-04,20:00:16
30600070,25,2024-11-04,20:00:16
30257790,25,2024-11-04,20:00:16
30241850,25,2024-11-04,20:00:16
30234550,25,2024-11-04,20:00:16
30254520,24,2024-11-04,20:00:16
30252660,22,2024-11-04,20:00:16
30246850,22,2024-11-04,20:00:16
30247870,20,2024-11-04,20:00:16
30266850,20,2024-11-04,20:00:16
30286840,20,2024-11-04,20:00:16
30240260,20,2024-11-04,20:00:16
30257670,19,2024-11-04,20:00:16
30240540,19,2024-11-04,20:00:16
30248830,17,2024-11-04,20:00:16
30252700,17,2024-11-04,20:00:16
30221850,16,2024-11-04,20:00:16
30274850,16,2024-11-04,20:00:16
30242660,16,2024-11-04,20:00:16
30285320,16,2024-11-04,20:00:16
30260200,15,2024-11-04,20:00:16
30257880,15,2024-11-04,20:00:16
30230060,13,2024-11-04,20:00:16
30251040,13,2024-11-04,20:00:16
30252770,13,2024-11-04,20:00:16
30286220,12,2024-11-04,20:00:16
30275500,12,2024-11-04,20:00:16
30269870,12,2024-11-04,20:00:16
30265640,12,2024-11-04,20:00:16
30252630,11,2024-11-04,20:00:16
30242980,11,2024-11-04,20:00:16
30269160,10,2024-11-04,20:00:16
30271020,8,2024-11-04,20:00:16
30236730,8,2024-11-04,20:00:16
30290880,8,2024-11-04,20:00:16
30269230,8,2024-11-04,20:00:16
30256100,7,2024-11-04,20:00:16
30508080,7,2024-11-04,20:00:16
30247500,7,2024-11-04,20:00:16
30700360,6,2024-11-04,20:00:16
30286120,6,2024-11-04,20:00:16
30270190,6,2024-11-04,20:00:16
30269210,6,2024-11-04,20:00:16
30700580,6,2024-11-04,20:00:16
30288850,6,2024-11-04,20:00:16
30258380,6,2024-11-04,20:00:16
30258470,6,2024-11-04,20:00:16
30303820,5,2024-11-04,20:00:16
30279500,5,2024-11-04,20:00:16
30275270,5,2024-11-04,20:00:16
30252450,3,2024-11-04,20:00:16
30246950,3,2024-11-04,20:00:16
30269830,3,2024-11-04,20:00:16
30252330,2,2024-11-04,20:00:16
30508040,1,2024-11-04,20:00:16
30262850,0,2024-11-04,20:00:16
30251840,0,2024-11-04,20:00:16
30279920,0,2024-11-04,20:00:16
30277180,0,2024-11-04,20:00:16
30255460,0,2024-11-04,20:00:16
30255850,0,2024-11-04,20:00:16
30239960,0,2024-11-04,20:00:16
30278860,0,2024-11-04,20:00:16
30500103,0,2024-11-04,20:00:16
30252920,0,2024-11-04,20:00:16
30248500,0,2024-11-04,20:00:16
30248560,0,2024-11-04,20:00:16
30246790,0,2024-11-04,20:00:16
30234210,0,2024-11-04,20:00:16
30234410,0,2024-11-04,20:00:16
30304590,0,2024-11-04,20:00:16
30286900,0,2024-11-04,20:00:16
30277980,0,2024-11-04,20:00:16
30274670,0,2024-11-04,20:00:16
30256680,0,2024-11-04,20:00:16
30256750,0,2024-11-04,20:00:16
30256780,0,2024-11-04,20:00:16
30256860,0,2024-11-04,20:00:16
30254690,0,2024-11-04,20:00:16
30252290,0,2024-11-04,20:00:16
30250140,0,2024-11-04,20:00:16
30247910,0,2024-11-04,20:00:16
30246480,0,2024-11-04,20:00:16
30248380,0,2024-11-04,20:00:16
65221106,106,2024-11-04,20:00:16
65123324,54,2024-11-04,20:00:16
65123332,18,2024-11-04,20:00:16
65050018,14,2024-11-04,20:00:16
65206172,14,2024-11-04,20:00:16
65250202,13,2024-11-04,20:00:16
66120777,12,2024-11-04,20:00:16
65042081,11,2024-11-04,20:00:16
66000723,11,2024-11-04,20:00:16
65220134,11,2024-11-04,20:00:16
66012102,6,2024-11-04,20:00:16
66081787,3,2024-11-04,20:00:16
65205794,2,2024-11-04,20:00:16
66011562,1,2024-11-04,20:00:16
65381469,1,2024-11-04,20:00:16
65061205,0,2024-11-04,20:00:16
66121058,0,2024-11-04,20:00:16
66140434,0,2024-11-04,20:00:16
66141016,0,2024-11-04,20:00:16
65230155,0,2024-11-04,20:00:16
65241114,0,2024-11-04,20:00:16
66011334,0,2024-11-04,20:00:16
66050304,0,2024-11-04,20:00:16
65381558,0,2024-11-04,20:00:16
65381566,0,2024-11-04,20:00:16
65481609,0,2024-11-04,20:00:16
96231227,282,2024-11-04,20:00:16
96006517,81,2024-11-04,20:00:16
96820466,48,2024-11-04,20:00:16
96820652,34,2024-11-04,20:00:16
96820741,25,2024-11-04,20:00:16
96880880,12,2024-11-04,20:00:16
96230865,12,2024-11-04,20:00:16
96132407,12,2024-11-04,20:00:16
96883139,12,2024-11-04,20:00:16
96110968,11,2024-11-04,20:00:16
96881836,8,2024-11-04,20:00:16
96550605,7,2024-11-04,20:00:16
96320084,7,2024-11-04,20:00:16
96880042,7,2024-11-04,20:00:16
96881640,6,2024-11-04,20:00:16
96321187,6,2024-11-04,20:00:16
96882345,6,2024-11-04,20:00:16
96881226,6,2024-11-04,20:00:16
96880539,6,2024-11-04,20:00:16
96882955,5,2024-11-04,20:00:16
96882890,5,2024-11-04,20:00:16
96321226,5,2024-11-04,20:00:16
96321519,5,2024-11-04,20:00:16
96320377,5,2024-11-04,20:00:16
96320458,5,2024-11-04,20:00:16
96320961,5,2024-11-04,20:00:16
96321111,5,2024-11-04,20:00:16
96830673,5,2024-11-04,20:00:16
96320767,5,2024-11-04,20:00:16
96882939,4,2024-11-04,20:00:16
96320563,4,2024-11-04,20:00:16
96880791,4,2024-11-04,20:00:16
96880000,4,2024-11-04,20:00:16
96320212,4,2024-11-04,20:00:16
96320270,4,2024-11-04,20:00:16
96881242,4,2024-11-04,20:00:16
96320814,4,2024-11-04,20:00:16
96310372,4,2024-11-04,20:00:16
96820589,4,2024-11-04,20:00:16
96820597,4,2024-11-04,20:00:16
96624365,3,2024-11-04,20:00:16
96881357,3,2024-11-04,20:00:16
96883692,3,2024-11-04,20:00:16
96884486,3,2024-11-04,20:00:16
96502262,3,2024-11-04,20:00:16
96505456,3,2024-11-04,20:00:16
96881771,2,2024-11-04,20:00:16
96880961,2,2024-11-04,20:00:16
96882882,2,2024-11-04,20:00:16
96881438,2,2024-11-04,20:00:16
96880830,2,2024-11-04,20:00:16
96624357,2,2024-11-04,20:00:16
96881933,2,2024-11-04,20:00:16
96880589,2,2024-11-04,20:00:16
96881789,2,2024-11-04,20:00:16
96881187,2,2024-11-04,20:00:16
96321640,2,2024-11-04,20:00:16
96881315,1,2024-11-04,20:00:16
96883341,1,2024-11-04,20:00:16
96880385,1,2024-11-04,20:00:16
96320597,1,2024-11-04,20:00:16
94251580,0,2024-11-04,20:00:16
96840115,0,2024-11-04,20:00:16
96152473,0,2024-11-04,20:00:16
96226264,0,2024-11-04,20:00:16
96228119,0,2024-11-04,20:00:16
96370005,0,2024-11-04,20:00:16
96470237,0,2024-11-04,20:00:16
96297605,0,2024-11-04,20:00:16
107471040,15,2024-11-04,20:00:16
103650359,6,2024-11-04,20:00:16
107036727,6,2024-11-04,20:00:16
107255151,4,2024-11-04,20:00:16
107226063,3,2024-11-04,20:00:16
107081861,3,2024-11-04,20:00:16
107164782,3,2024-11-04,20:00:16
107320100,1,2024-11-04,20:00:16
107088130,1,2024-11-04,20:00:16
107292569,1,2024-11-04,20:00:16
107471414,0,2024-11-04,20:00:16
107227247,0,2024-11-04,20:00:16
107091824,0,2024-11-04,20:00:16
103653535,0,2024-11-04,20:00:16
107301350,0,2024-11-04,20:00:16
107257365,0,2024-11-04,20:00:16
107265415,0,2024-11-04,20:00:16
107271262,0,2024-11-04,20:00:16
107271945,0,2024-11-04,20:00:16
107273125,0,2024-11-04,20:00:16
107273222,0,2024-11-04,20:00:16
107181417,0,2024-11-04,20:00:16
107182065,0,2024-11-04,20:00:16
107225863,0,2024-11-04,20:00:16
107047613,0,2024-11-04,20:00:16
107050802,0,2024-11-04,20:00:16
103601619,0,2024-11-04,20:00:16
103620079,0,2024-11-04,20:00:16
107291377,0,2024-11-04,20:00:16
107254511,0,2024-11-04,20:00:16
107142617,0,2024-11-04,20:00:16
107164685,0,2024-11-04,20:00:16
107105110,0,2024-11-04,20:00:16
107112036,0,2024-11-04,20:00:16
107112361,0,2024-11-04,20:00:16
107112476,0,2024-11-04,20:00:16
107112484,0,2024-11-04,20:00:16
107124415,0,2024-11-04,20:00:16
107130898,0,2024-11-04,20:00:16
107131129,0,2024-11-04,20:00:16
107020328,0,2024-11-04,20:00:16
107031109,0,2024-11-04,20:00:16
130362570,239,2024-11-04,20:00:16
130355820,100,2024-11-04,20:00:16
130355110,75,2024-11-04,20:00:16
130363490,54,2024-11-04,20:00:16
130356810,35,2024-11-04,20:00:16
130364640,29,2024-11-04,20:00:16
130364470,26,2024-11-04,20:00:16
130358300,21,2024-11-04,20:00:16
130358500,12,2024-11-04,20:00:16
130358490,10,2024-11-04,20:00:16
130358810,9,2024-11-04,20:00:16
130356480,9,2024-11-04,20:00:16
130364970,0,2024-11-04,20:00:16
130358320,0,2024-11-04,20:00:16
130362710,0,2024-11-04,20:00:16
146710441,289,2024-11-04,20:00:16
160306410,91,2024-11-04,20:00:16
160329900,16,2024-11-04,20:00:16
160031460,16,2024-11-04,20:00:16
160606300,13,2024-11-04,20:00:16
160318600,7,2024-11-04,20:00:16
160313300,6,2024-11-04,20:00:16
160614210,3,2024-11-04,20:00:16
160626000,2,2024-11-04,20:00:16
160631600,1,2024-11-04,20:00:16
160607190,0,2024-11-04,20:00:16
160608340,0,2024-11-04,20:00:16
160627530,0,2024-11-04,20:00:16
160602430,0,2024-11-04,20:00:16
160632360,0,2024-11-04,20:00:16
160634200,0,2024-11-04,20:00:16
160634210,0,2024-11-04,20:00:16
160636360,0,2024-11-04,20:00:16
160637530,0,2024-11-04,20:00:16
160615220,0,2024-11-04,20:00:16
160621200,0,2024-11-04,20:00:16
160623420,0,2024-11-04,20:00:16
160624820,0,2024-11-04,20:00:16
160328560,0,2024-11-04,20:00:16
160801720,0,2024-11-04,20:00:16
160629700,0,2024-11-04,20:00:16
160630530,0,2024-11-04,20:00:16
160609640,0,2024-11-04,20:00:16
180339210,59,2024-11-04,20:00:16
180339220,59,2024-11-04,20:00:16
180338760,53,2024-11-04,20:00:16
180338770,47,2024-11-04,20:00:16
180338750,42,2024-11-04,20:00:16
180338740,40,2024-11-04,20:00:16
180336100,40,2024-11-04,20:00:16
180335230,35,2024-11-04,20:00:16
180336590,32,2024-11-04,20:00:16
180335830,31,2024-11-04,20:00:16
180337310,31,2024-11-04,20:00:16
180338880,27,2024-11-04,20:00:16
180335000,27,2024-11-04,20:00:16
180337370,23,2024-11-04,20:00:16
180339040,21,2024-11-04,20:00:16
180339000,19,2024-11-04,20:00:16
180336420,18,2024-11-04,20:00:16
180338500,17,2024-11-04,20:00:16
180339110,15,2024-11-04,20:00:16
180336520,15,2024-11-04,20:00:16
180337440,15,2024-11-04,20:00:16
180341430,14,2024-11-04,20:00:16
180396160,13,2024-11-04,20:00:16
180336880,13,2024-11-04,20:00:16
180335220,13,2024-11-04,20:00:16
180336310,13,2024-11-04,20:00:16
180336570,12,2024-11-04,20:00:16
180201330,12,2024-11-04,20:00:16
180335670,11,2024-11-04,20:00:16
180395970,10,2024-11-04,20:00:16
180335190,10,2024-11-04,20:00:16
180402810,9,2024-11-04,20:00:16
180360410,4,2024-11-04,20:00:16
180339190,1,2024-11-04,20:00:16
180407350,0,2024-11-04,20:00:16
180409000,0,2024-11-04,20:00:16
180348320,0,2024-11-04,20:00:16
180348350,0,2024-11-04,20:00:16
210948480,35,2024-11-04,20:00:16
210948470,34,2024-11-04,20:00:16
210948500,15,2024-11-04,20:00:16
210970460,2,2024-11-04,20:00:16
225013197,134,2024-11-04,20:00:16
225011496,102,2024-11-04,20:00:16
225011454,100,2024-11-04,20:00:16
225011420,66,2024-11-04,20:00:16
225011137,56,2024-11-04,20:00:16
225012159,45,2024-11-04,20:00:16
225002104,41,2024-11-04,20:00:16
225010254,36,2024-11-04,20:00:16
225015945,33,2024-11-04,20:00:16
225010490,32,2024-11-04,20:00:16
225010678,30,2024-11-04,20:00:16
225012264,30,2024-11-04,20:00:16
225010783,24,2024-11-04,20:00:16
225001386,24,2024-11-04,20:00:16
225001263,22,2024-11-04,20:00:16
225001483,20,2024-11-04,20:00:16
225011747,19,2024-11-04,20:00:16
225010652,17,2024-11-04,20:00:16
225016315,15,2024-11-04,20:00:16
225007667,12,2024-11-04,20:00:16
225003419,12,2024-11-04,20:00:16
225003689,10,2024-11-04,20:00:16
225012955,8,2024-11-04,20:00:16
225000738,8,2024-11-04,20:00:16
225011844,8,2024-11-04,20:00:16
225007706,8,2024-11-04,20:00:16
225001116,7,2024-11-04,20:00:16
225011828,4,2024-11-04,20:00:16
225010521,4,2024-11-04,20:00:16
225010084,2,2024-11-04,20:00:16
225006386,0,2024-11-04,20:00:16
225000699,0,2024-11-04,20:00:16
230223380,7,2024-11-04,20:00:16
245022138,99,2024-11-04,20:00:16
245037523,33,2024-11-04,20:00:16
245030937,28,2024-11-04,20:00:16
246850089,21,2024-11-04,20:00:16
245037604,19,2024-11-04,20:00:16
245022528,15,2024-11-04,20:00:16
245021849,13,2024-11-04,20:00:16
245023427,8,2024-11-04,20:00:16
245021700,8,2024-11-04,20:00:16
245027293,7,2024-11-04,20:00:16
245027219,6,2024-11-04,20:00:16
246800149,3,2024-11-04,20:00:16
312000860,83,2024-11-04,20:00:16
315612894,47,2024-11-04,20:00:16
310415093,32,2024-11-04,20:00:16
310070089,22,2024-11-04,20:00:16
315985051,19,2024-11-04,20:00:16
311380754,18,2024-11-04,20:00:16
310760333,17,2024-11-04,20:00:16
315654113,13,2024-11-04,20:00:16
310330439,8,2024-11-04,20:00:16
310370104,7,2024-11-04,20:00:16
310034499,7,2024-11-04,20:00:16
315680863,6,2024-11-04,20:00:16
311701934,4,2024-11-04,20:00:16
315782437,3,2024-11-04,20:00:16
311720221,2,2024-11-04,20:00:16
315630232,2,2024-11-04,20:00:16
311381116,1,2024-11-04,20:00:16
315960849,1,2024-11-04,20:00:16
310013524,0,2024-11-04,20:00:16
317400829,0,2024-11-04,20:00:16
315141005,0,2024-11-04,20:00:16
315701318,0,2024-11-04,20:00:16
315733690,0,2024-11-04,20:00:16
311860225,0,2024-11-04,20:00:16
311000273,0,2024-11-04,20:00:16
310510526,0,2024-11-04,20:00:16
310570267,0,2024-11-04,20:00:16
310620842,0,2024-11-04,20:00:16
315791834,0,2024-11-04,20:00:16
315633060,0,2024-11-04,20:00:16
315143162,0,2024-11-04,20:00:16
315510220,0,2024-11-04,20:00:16
315580712,0,2024-11-04,20:00:16
315605627,0,2024-11-04,20:00:16
315609744,0,2024-11-04,20:00:16
311381166,0,2024-11-04,20:00:16
311381190,0,2024-11-04,20:00:16
310661961,0,2024-11-04,20:00:16
310741614,0,2024-11-04,20:00:16
310742034,0,2024-11-04,20:00:16
310371621,0,2024-11-04,20:00:16
310402537,0,2024-11-04,20:00:16
310101725,0,2024-11-04,20:00:16
310102072,0,2024-11-04,20:00:16
310131225,0,2024-11-04,20:00:16
310231473,0,2024-11-04,20:00:16
310231774,0,2024-11-04,20:00:16
310271261,0,2024-11-04,20:00:16
310034669,0,2024-11-04,20:00:16
310042947,0,2024-11-04,20:00:16
310043862,0,2024-11-04,20:00:16
310060076,0,2024-11-04,20:00:16
310060539,0,2024-11-04,20:00:16
315615119,0,2024-11-04,20:00:16
410001638,32,2024-11-04,20:00:16
410016260,11,2024-11-04,20:00:16
410016022,2,2024-11-04,20:00:16
420013026,19,2024-11-04,20:00:16
420018131,15,2024-11-04,20:00:16
420018489,7,2024-11-04,20:00:16
420018491,0,2024-11-04,20:00:16
420018492,0,2024-11-04,20:00:16
420018487,0,2024-11-04,20:00:16
420016610,0,2024-11-04,20:00:16
420013037,0,2024-11-04,20:00:16
420013465,0,2024-11-04,20:00:16
420014509,0,2024-11-04,20:00:16
420015503,0,2024-11-04,20:00:16
420015504,0,2024-11-04,20:00:16
420015509,0,2024-11-04,20:00:16
430015705,6,2024-11-04,20:00:16
440080087,233,2024-11-04,20:00:16
440160143,147,2024-11-04,20:00:16
440095956,107,2024-11-04,20:00:16
440050555,28,2024-11-04,20:00:16
440035468,22,2024-11-04,20:00:16
440043188,12,2024-11-04,20:00:16
440164053,9,2024-11-04,20:00:16
440079730,7,2024-11-04,20:00:16
440000722,5,2024-11-04,20:00:16
440160458,4,2024-11-04,20:00:16
440166606,3,2024-11-04,20:00:16
440010845,3,2024-11-04,20:00:16
440167708,0,2024-11-04,20:00:16
440144849,0,2024-11-04,20:00:16
440151760,0,2024-11-04,20:00:16
490018667,124,2024-11-04,20:00:16
490018564,51,2024-11-04,20:00:16
490035709,37,2024-11-04,20:00:16
490035700,35,2024-11-04,20:00:16
490035687,35,2024-11-04,20:00:16
490018664,34,2024-11-04,20:00:16
490018572,34,2024-11-04,20:00:16
490035692,33,2024-11-04,20:00:16
490035677,29,2024-11-04,20:00:16
490035668,27,2024-11-04,20:00:16
490035693,24,2024-11-04,20:00:16
490035681,24,2024-11-04,20:00:16
490018666,23,2024-11-04,20:00:16
490035738,22,2024-11-04,20:00:16
490018616,21,2024-11-04,20:00:16
490018621,21,2024-11-04,20:00:16
490018634,20,2024-11-04,20:00:16
490018643,20,2024-11-04,20:00:16
490018620,20,2024-11-04,20:00:16
490018669,19,2024-11-04,20:00:16
490018568,19,2024-11-04,20:00:16
490035723,18,2024-11-04,20:00:16
490035678,18,2024-11-04,20:00:16
490035719,18,2024-11-04,20:00:16
490035725,17,2024-11-04,20:00:16
490035669,17,2024-11-04,20:00:16
490035685,15,2024-11-04,20:00:16
490018729,15,2024-11-04,20:00:16
490035699,15,2024-11-04,20:00:16
490037889,14,2024-11-04,20:00:16
490018715,14,2024-11-04,20:00:16
490018671,14,2024-11-04,20:00:16
490035676,13,2024-11-04,20:00:16
490018614,13,2024-11-04,20:00:16
490018665,12,2024-11-04,20:00:16
490035673,12,2024-11-04,20:00:16
490035739,12,2024-11-04,20:00:16
490035712,11,2024-11-04,20:00:16
490018579,11,2024-11-04,20:00:16
490037890,10,2024-11-04,20:00:16
490035672,10,2024-11-04,20:00:16
490035686,9,2024-11-04,20:00:16
490035679,8,2024-11-04,20:00:16
490035683,8,2024-11-04,20:00:16
490037888,8,2024-11-04,20:00:16
490035688,8,2024-11-04,20:00:16
490018627,7,2024-11-04,20:00:16
490018732,7,2024-11-04,20:00:16
490035708,6,2024-11-04,20:00:16
490035690,6,2024-11-04,20:00:16
490035696,6,2024-11-04,20:00:16
490035674,5,2024-11-04,20:00:16
490018683,5,2024-11-04,20:00:16
490035710,4,2024-11-04,20:00:16
490035695,2,2024-11-04,20:00:16
490035680,1,2024-11-04,20:00:16
490035721,0,2024-11-04,20:00:16
490035701,0,2024-11-04,20:00:16
490035704,0,2024-11-04,20:00:16
490035684,0,2024-11-04,20:00:16
490035682,0,2024-11-04,20:00:16
490035740,0,2024-11-04,20:00:16
490037409,0,2024-11-04,20:00:16
490037886,0,2024-11-04,20:00:16
490035689,0,2024-11-04,20:00:16
490034723,0,2024-11-04,20:00:16
490034725,0,2024-11-04,20:00:16
490034738,0,2024-11-04,20:00:16
490034796,0,2024-11-04,20:00:16
520011723,18,2024-11-04,20:00:16
520011565,13,2024-11-04,20:00:16
520012540,9,2024-11-04,20:00:16
520011815,8,2024-11-04,20:00:16
520012538,7,2024-11-04,20:00:16
520012542,7,2024-11-04,20:00:16
520011717,6,2024-11-04,20:00:16
520010569,1,2024-11-04,20:00:16
590003271,10,2024-11-04,20:00:16
590003314,5,2024-11-04,20:00:16
590003310,5,2024-11-04,20:00:16
590003602,3,2024-11-04,20:00:16
590003307,3,2024-11-04,20:00:16
590003268,3,2024-11-04,20:00:16
590004591,2,2024-11-04,20:00:16
590003319,2,2024-11-04,20:00:16
590003596,2,2024-11-04,20:00:16
590003309,1,2024-11-04,20:00:16
590003306,1,2024-11-04,20:00:16
590003311,1,2024-11-04,20:00:16
590004542,0,2024-11-04,20:00:16
590003308,0,2024-11-04,20:00:16
590004589,0,2024-11-04,20:00:16
600023223,40,2024-11-04,20:00:16
600032792,34,2024-11-04,20:00:16
600032795,32,2024-11-04,20:00:16
600023136,26,2024-11-04,20:00:16
600034702,24,2024-11-04,20:00:16
600012374,20,2024-11-04,20:00:16
600034701,20,2024-11-04,20:00:16
600032794,18,2024-11-04,20:00:16
600029104,18,2024-11-04,20:00:16
600016447,16,2024-11-04,20:00:16
600023155,15,2024-11-04,20:00:16
600034200,15,2024-11-04,20:00:16
600034703,14,2024-11-04,20:00:16
600012704,13,2024-11-04,20:00:16
600012378,13,2024-11-04,20:00:16
600012853,13,2024-11-04,20:00:16
600029007,11,2024-11-04,20:00:16
600012852,11,2024-11-04,20:00:16
600012377,10,2024-11-04,20:00:16
600016453,9,2024-11-04,20:00:16
600033498,9,2024-11-04,20:00:16
600035994,7,2024-11-04,20:00:16
600023154,6,2024-11-04,20:00:16
600029008,6,2024-11-04,20:00:16
600034704,6,2024-11-04,20:00:16
600023167,6,2024-11-04,20:00:16
600034700,5,2024-11-04,20:00:16
600035002,5,2024-11-04,20:00:16
600031869,5,2024-11-04,20:00:16
600034881,5,2024-11-04,20:00:16
600034699,3,2024-11-04,20:00:16
600035001,3,2024-11-04,20:00:16
600034697,3,2024-11-04,20:00:16
600029005,3,2024-11-04,20:00:16
600029105,3,2024-11-04,20:00:16
600034836,2,2024-11-04,20:00:16
600034877,2,2024-11-04,20:00:16
600029011,2,2024-11-04,20:00:16
600034698,2,2024-11-04,20:00:16
600029213,2,2024-11-04,20:00:16
600012617,1,2024-11-04,20:00:16
600034705,1,2024-11-04,20:00:16
600034879,1,2024-11-04,20:00:16
600029211,1,2024-11-04,20:00:16
600032791,0,2024-11-04,20:00:16
610041167,66,2024-11-04,20:00:16
610050721,17,2024-11-04,20:00:16
610046620,10,2024-11-04,20:00:16
610042772,7,2024-11-04,20:00:16
610051211,6,2024-11-04,20:00:16
610042771,4,2024-11-04,20:00:16
610048742,4,2024-11-04,20:00:16
620001282,53,2024-11-04,20:00:16
620000526,6,2024-11-04,20:00:16
640025682,18,2024-11-04,20:00:16
640024784,18,2024-11-04,20:00:16
640027893,16,2024-11-04,20:00:16
640025687,15,2024-11-04,20:00:16
640027891,14,2024-11-04,20:00:16
640025669,13,2024-11-04,20:00:16
640023105,10,2024-11-04,20:00:16
640025685,10,2024-11-04,20:00:16
640029580,8,2024-11-04,20:00:16
640028405,8,2024-11-04,20:00:16
640024782,8,2024-11-04,20:00:16
640027935,7,2024-11-04,20:00:16
640019502,7,2024-11-04,20:00:16
640020264,7,2024-11-04,20:00:16
640023101,7,2024-11-04,20:00:16
640027889,6,2024-11-04,20:00:16
640027695,6,2024-11-04,20:00:16
640031177,6,2024-11-04,20:00:16
640020913,6,2024-11-04,20:00:16
640020960,6,2024-11-04,20:00:16
640027884,6,2024-11-04,20:00:16
640030606,5,2024-11-04,20:00:16
640031143,5,2024-11-04,20:00:16
640029625,5,2024-11-04,20:00:16
640028152,5,2024-11-04,20:00:16
640027936,5,2024-11-04,20:00:16
640023603,5,2024-11-04,20:00:16
640023116,4,2024-11-04,20:00:16
640030623,4,2024-11-04,20:00:16
640030242,4,2024-11-04,20:00:16
640028109,4,2024-11-04,20:00:16
640020233,4,2024-11-04,20:00:16
640032028,4,2024-11-04,20:00:16
640032030,4,2024-11-04,20:00:16
640032032,4,2024-11-04,20:00:16
640029574,4,2024-11-04,20:00:16
640028100,4,2024-11-04,20:00:16
640028079,4,2024-11-04,20:00:16
640027887,4,2024-11-04,20:00:16
640024793,4,2024-11-04,20:00:16
640030346,4,2024-11-04,20:00:16
640029930,4,2024-11-04,20:00:16
640022216,4,2024-11-04,20:00:16
640020910,4,2024-11-04,20:00:16
640018405,4,2024-11-04,20:00:16
640031136,4,2024-11-04,20:00:16
640028406,4,2024-11-04,20:00:16
640025683,4,2024-11-04,20:00:16
640030613,3,2024-11-04,20:00:16
640029741,3,2024-11-04,20:00:16
640029576,3,2024-11-04,20:00:16
640027894,3,2024-11-04,20:00:16
640019022,3,2024-11-04,20:00:16
640019482,3,2024-11-04,20:00:16
640029718,3,2024-11-04,20:00:16
640029344,3,2024-11-04,20:00:16
640029345,3,2024-11-04,20:00:16
640028154,3,2024-11-04,20:00:16
640028161,3,2024-11-04,20:00:16
640028090,3,2024-11-04,20:00:16
640027967,3,2024-11-04,20:00:16
640028033,3,2024-11-04,20:00:16
640027892,3,2024-11-04,20:00:16
640027885,3,2024-11-04,20:00:16
640027886,3,2024-11-04,20:00:16
640023104,3,2024-11-04,20:00:16
640022217,3,2024-11-04,20:00:16
640020912,3,2024-11-04,20:00:16
640029792,3,2024-11-04,20:00:16
640029813,3,2024-11-04,20:00:16
640029624,3,2024-11-04,20:00:16
640028566,3,2024-11-04,20:00:16
640028120,3,2024-11-04,20:00:16
640027890,3,2024-11-04,20:00:16
640022049,3,2024-11-04,20:00:16
640020388,3,2024-11-04,20:00:16
640027840,2,2024-11-04,20:00:16
640023109,2,2024-11-04,20:00:16
640023092,2,2024-11-04,20:00:16
640029745,2,2024-11-04,20:00:16
640029747,2,2024-11-04,20:00:16
640028105,2,2024-11-04,20:00:16
640027934,2,2024-11-04,20:00:16
640027888,2,2024-11-04,20:00:16
640028900,2,2024-11-04,20:00:16
640028037,2,2024-11-04,20:00:16
640030275,2,2024-11-04,20:00:16
640029848,2,2024-11-04,20:00:16
640028945,2,2024-11-04,20:00:16
640028575,2,2024-11-04,20:00:16
640028129,2,2024-11-04,20:00:16
640028132,2,2024-11-04,20:00:16
640028085,2,2024-11-04,20:00:16
640027883,2,2024-11-04,20:00:16
640024404,2,2024-11-04,20:00:16
640023103,2,2024-11-04,20:00:16
640020396,2,2024-11-04,20:00:16
640020234,2,2024-11-04,20:00:16
640020243,2,2024-11-04,20:00:16
640020244,2,2024-11-04,20:00:16
640020246,2,2024-11-04,20:00:16
640020255,2,2024-11-04,20:00:16
640020263,2,2024-11-04,20:00:16
640028118,1,2024-11-04,20:00:16
640027830,1,2024-11-04,20:00:16
640030003,1,2024-11-04,20:00:16
640029579,1,2024-11-04,20:00:16
640023108,1,2024-11-04,20:00:16
640022947,1,2024-11-04,20:00:16
640030460,1,2024-11-04,20:00:16
640029736,1,2024-11-04,20:00:16
640028943,1,2024-11-04,20:00:16
640028097,1,2024-11-04,20:00:16
640028040,1,2024-11-04,20:00:16
640031142,1,2024-11-04,20:00:16
640030311,1,2024-11-04,20:00:16
640028618,1,2024-11-04,20:00:16
640028621,1,2024-11-04,20:00:16
640027966,1,2024-11-04,20:00:16
640018334,1,2024-11-04,20:00:16
640023094,0,2024-11-04,20:00:16
640027520,0,2024-11-04,20:00:16
640029931,0,2024-11-04,20:00:16
640022218,0,2024-11-04,20:00:16
640020614,0,2024-11-04,20:00:16
640019020,0,2024-11-04,20:00:16
788606591,1400,2024-11-04,20:00:16
788606583,630,2024-11-04,20:00:16
788606606,550,2024-11-04,20:00:16
788155011,360,2024-11-04,20:00:16
788605333,328,2024-11-04,20:00:16
788155003,324,2024-11-04,20:00:16
788606842,288,2024-11-04,20:00:16
788606575,60,2024-11-04,20:00:16
788300713,54,2024-11-04,20:00:16
788300551,43,2024-11-04,20:00:16
788155029,28,2024-11-04,20:00:16
788155037,26,2024-11-04,20:00:16
788404494,14,2024-11-04,20:00:16
788608048,12,2024-11-04,20:00:16
788000038,12,2024-11-04,20:00:16
788453215,11,2024-11-04,20:00:16
788453053,9,2024-11-04,20:00:16
788404224,8,2024-11-04,20:00:16
788453192,7,2024-11-04,20:00:16
788453100,6,2024-11-04,20:00:16
788404389,5,2024-11-04,20:00:16
788403888,5,2024-11-04,20:00:16
788003565,3,2024-11-04,20:00:16
788403870,2,2024-11-04,20:00:16
788405911,2,2024-11-04,20:00:16
788004430,1,2024-11-04,20:00:16
788604955,0,2024-11-04,20:00:16
788606614,0,2024-11-04,20:00:16
788608878,0,2024-11-04,20:00:16
880563800,7,2024-11-04,20:00:16
985865510,16,2024-11-04,20:00:16
985941853,14,2024-11-04,20:00:16
985948368,10,2024-11-04,20:00:16
985862562,9,2024-11-04,20:00:16
985941722,7,2024-11-04,20:00:16
985940946,2,2024-11-04,20:00:16
985944770,1,2024-11-04,20:00:16
985946374,1,2024-11-04,20:00:16
985948813,0,2024-11-04,20:00:16
985948059,0,2024-11-04,20:00:16
985948211,0,2024-11-04,20:00:16
985943300,0,2024-11-04,20:00:16
